{
  "accuracy": 0.7632478632478632,
  "precision": 0.7597406159373109,
  "recall": 0.7632478632478632,
  "f1_score": 0.7575745769895458
}