{
  "accuracy": 0.9072649572649573,
  "precision": 0.9088261427167155,
  "recall": 0.9072649572649573,
  "f1_score": 0.9068989427511491
}