{
  "accuracy": 0.39316239316239315,
  "precision": 0.2224222340312785,
  "recall": 0.39316239316239315,
  "f1_score": 0.26403887182689084
}