{
  "CNN": {
    "accuracy": 0.7632478632478632,
    "precision": 0.7597406159373109,
    "recall": 0.7632478632478632,
    "f1_score": 0.7575745769895458
  },
  "ResNet50": {
    "accuracy": 0.39316239316239315,
    "precision": 0.2224222340312785,
    "recall": 0.39316239316239315,
    "f1_score": 0.26403887182689084
  },
  "MobileNetV2": {
    "accuracy": 0.9072649572649573,
    "precision": 0.9088261427167155,
    "recall": 0.9072649572649573,
    "f1_score": 0.9068989427511491
  }
}